CustomerID,Recency,Frequency,Monetary,R_score,F_score,M_score,RFM_score,RFM_segment,Cluster,Segment,Avg_Order_Value,Customer_Lifetime,CLV,CLV_segment
12347.0,7,1,711.79,3,1,5,9,315,0,Champions,711.79,1,711.79,High CLV
12370.0,1,1,1590.82,5,1,5,11,515,0,Champions,1590.82,1,1590.82,High CLV
12386.0,7,1,258.90000000000003,3,1,2,6,312,0,Champions,258.90000000000003,1,258.90000000000003,Medium CLV
12395.0,11,1,346.1,2,1,3,6,213,2,Potential Loyalists,346.1,1,346.1,Medium CLV
12427.0,12,1,303.5,2,1,3,6,213,2,Potential Loyalists,303.5,1,303.5,Medium CLV
12429.0,6,1,1281.5,4,1,5,10,415,0,Champions,1281.5,1,1281.5,High CLV
12431.0,14,1,358.25,1,1,3,5,113,2,Potential Loyalists,358.25,1,358.25,Medium CLV
12433.0,6,2,3787.12,4,4,5,13,445,4,Lost Customers,1893.56,2,3787.12,High CLV
12441.0,7,1,173.55,3,1,2,6,312,0,Champions,173.55,1,173.55,Low CLV
12471.0,5,2,2360.41,4,4,5,13,445,4,Lost Customers,1180.205,2,2360.41,High CLV
12472.0,9,1,1631.3,2,1,5,8,215,2,Potential Loyalists,1631.3,1,1631.3,High CLV
12476.0,1,1,12.45,5,1,1,7,511,0,Champions,12.45,1,12.45,Low CLV
12481.0,6,1,159.38,4,1,1,6,411,0,Champions,159.38,1,159.38,Low CLV
12494.0,6,1,57.6,4,1,1,6,411,0,Champions,57.6,1,57.6,Low CLV
12540.0,2,1,881.01,5,1,5,11,515,0,Champions,881.01,1,881.01,High CLV
12557.0,12,1,620.0,2,1,4,7,214,2,Potential Loyalists,620.0,1,620.0,High CLV
12567.0,8,2,1942.38,3,4,5,12,345,4,Lost Customers,971.19,2,1942.38,High CLV
12583.0,14,1,855.86,1,1,5,7,115,2,Potential Loyalists,855.86,1,855.86,High CLV
12600.0,12,1,76.5,2,1,1,4,211,2,Potential Loyalists,76.5,1,76.5,Low CLV
12621.0,6,1,464.61,4,1,4,9,414,0,Champions,464.61,1,464.61,High CLV
12647.0,8,3,968.8,3,5,5,13,355,0,Champions,322.93333333333334,3,968.8,High CLV
12662.0,14,1,261.48,1,1,2,4,112,2,Potential Loyalists,261.48,1,261.48,Medium CLV
12681.0,8,1,1033.52,3,1,5,9,315,0,Champions,1033.52,1,1033.52,High CLV
12682.0,5,2,1075.29,4,4,5,13,445,0,Champions,537.645,2,1075.29,High CLV
12683.0,6,2,1063.08,4,4,5,13,445,0,Champions,531.54,2,1063.08,High CLV
12686.0,12,1,89.14,2,1,1,4,211,2,Potential Loyalists,89.14,1,89.14,Low CLV
12708.0,9,1,196.44,2,1,2,5,212,2,Potential Loyalists,196.44,1,196.44,Low CLV
12709.0,7,1,522.7,3,1,4,8,314,0,Champions,522.7,1,522.7,High CLV
12712.0,6,2,470.63,4,4,4,12,444,0,Champions,235.315,2,470.63,High CLV
12720.0,9,1,473.39,2,1,4,7,214,2,Potential Loyalists,473.39,1,473.39,High CLV
12725.0,11,1,427.8,2,1,4,7,214,2,Potential Loyalists,427.8,1,427.8,High CLV
12731.0,5,1,1071.9,4,1,5,10,415,0,Champions,1071.9,1,1071.9,High CLV
12738.0,12,1,155.35,2,1,1,4,211,2,Potential Loyalists,155.35,1,155.35,Low CLV
12747.0,2,2,706.27,5,4,5,14,545,0,Champions,353.135,2,706.27,High CLV
12748.0,1,26,3656.04,5,5,5,15,555,1,Loyal Customers,140.6169230769231,26,3656.0400000000004,High CLV
12753.0,3,1,3590.59,5,1,5,11,515,4,Lost Customers,3590.59,1,3590.59,High CLV
12755.0,6,1,3794.4,4,1,5,10,415,4,Lost Customers,3794.4,1,3794.4,High CLV
12763.0,9,1,320.08,2,1,3,6,213,2,Potential Loyalists,320.08,1,320.08,Medium CLV
12766.0,6,1,1149.29,4,1,5,10,415,0,Champions,1149.29,1,1149.29,High CLV
12779.0,12,1,248.16,2,1,2,5,212,2,Potential Loyalists,248.16,1,248.16,Medium CLV
12785.0,4,1,311.95,4,1,3,8,413,0,Champions,311.95,1,311.95,Medium CLV
12791.0,14,1,192.6,1,1,2,4,112,2,Potential Loyalists,192.6,1,192.6,Low CLV
12793.0,11,1,131.8,2,1,1,4,211,2,Potential Loyalists,131.8,1,131.8,Low CLV
12797.0,6,1,254.03,4,1,2,7,412,0,Champions,254.03,1,254.03,Medium CLV
12808.0,9,1,129.4,2,1,1,4,211,2,Potential Loyalists,129.4,1,129.4,Low CLV
12826.0,5,1,155.0,4,1,1,6,411,0,Champions,155.0,1,155.0,Low CLV
12838.0,14,1,390.79,1,1,4,6,114,2,Potential Loyalists,390.79,1,390.79,Medium CLV
12839.0,7,1,402.61,3,1,4,8,314,0,Champions,402.61,1,402.61,Medium CLV
12841.0,10,2,505.99,2,4,4,10,244,2,Potential Loyalists,252.995,2,505.99,High CLV
12855.0,13,1,38.1,1,1,1,3,111,2,Potential Loyalists,38.1,1,38.1,Low CLV
12868.0,14,1,203.3,1,1,2,4,112,2,Potential Loyalists,203.3,1,203.3,Low CLV
12872.0,5,1,378.53,4,1,4,9,414,0,Champions,378.53,1,378.53,Medium CLV
12875.0,3,1,293.76000000000005,5,1,3,9,513,0,Champions,293.76000000000005,1,293.76000000000005,Medium CLV
12913.0,8,1,417.62,3,1,4,8,314,0,Champions,417.62,1,417.62,Medium CLV
12915.0,13,1,199.65,1,1,2,4,112,2,Potential Loyalists,199.65,1,199.65,Low CLV
12921.0,7,2,687.8000000000001,3,4,5,12,345,0,Champions,343.90000000000003,2,687.8000000000001,High CLV
12942.0,6,1,258.75,4,1,2,7,412,0,Champions,258.75,1,258.75,Medium CLV
12947.0,13,1,304.04,1,1,3,5,113,2,Potential Loyalists,304.04,1,304.04,Medium CLV
12963.0,6,1,365.8,4,1,3,8,413,0,Champions,365.8,1,365.8,Medium CLV
12967.0,12,1,1368.4,2,1,5,8,215,2,Potential Loyalists,1368.4,1,1368.4,High CLV
12971.0,6,3,268.19,4,5,2,11,452,0,Champions,89.39666666666666,3,268.19,Medium CLV
12989.0,5,1,202.5,4,1,2,7,412,0,Champions,202.5,1,202.5,Low CLV
13000.0,5,1,201.75,4,1,2,7,412,0,Champions,201.75,1,201.75,Low CLV
13011.0,12,1,50.55,2,1,1,4,211,2,Potential Loyalists,50.55,1,50.55,Low CLV
13013.0,12,2,1528.34,2,4,5,11,245,2,Potential Loyalists,764.17,2,1528.34,High CLV
13030.0,8,1,427.74,3,1,4,8,314,0,Champions,427.74,1,427.74,High CLV
13034.0,9,1,165.86,2,1,2,5,212,2,Potential Loyalists,165.86,1,165.86,Low CLV
13047.0,14,3,366.63,1,5,3,9,153,2,Potential Loyalists,122.21,3,366.63,Medium CLV
13050.0,1,2,628.9300000000001,5,4,4,13,544,0,Champions,314.46500000000003,2,628.9300000000001,High CLV
13065.0,13,1,205.86,1,1,2,4,112,2,Potential Loyalists,205.86,1,205.86,Low CLV
13069.0,2,4,644.12,5,5,5,15,555,4,Lost Customers,161.03,4,644.12,High CLV
13077.0,6,1,313.72,4,1,3,8,413,0,Champions,313.72,1,313.72,Medium CLV
13078.0,7,1,514.39,3,1,4,8,314,0,Champions,514.39,1,514.39,High CLV
13081.0,11,2,2366.78,2,4,5,11,245,2,Potential Loyalists,1183.39,2,2366.78,High CLV
13089.0,1,5,4570.16,5,5,5,15,555,4,Lost Customers,914.0319999999999,5,4570.16,High CLV
13090.0,5,3,1008.4,4,5,5,14,455,0,Champions,336.1333333333333,3,1008.4,High CLV
13093.0,13,1,799.4,1,1,5,7,115,2,Potential Loyalists,799.4,1,799.4,High CLV
13094.0,9,1,223.68,2,1,2,5,212,2,Potential Loyalists,223.68,1,223.68,Low CLV
13102.0,1,2,499.22,5,4,4,13,544,0,Champions,249.61,2,499.22,High CLV
13108.0,13,1,350.06,1,1,3,5,113,2,Potential Loyalists,350.06,1,350.06,Medium CLV
13113.0,7,1,372.97,3,1,4,8,314,0,Champions,372.97,1,372.97,Medium CLV
13117.0,5,2,388.15,4,4,4,12,444,0,Champions,194.075,2,388.15,Medium CLV
13126.0,7,2,223.44,3,4,2,9,342,0,Champions,111.72,2,223.44,Low CLV
13138.0,12,1,193.23,2,1,2,5,212,2,Potential Loyalists,193.23,1,193.23,Low CLV
13140.0,6,1,159.51,4,1,1,6,411,0,Champions,159.51,1,159.51,Low CLV
13145.0,12,1,295.0,2,1,3,6,213,2,Potential Loyalists,295.0,1,295.0,Medium CLV
13148.0,5,1,309.40000000000003,4,1,3,8,413,0,Champions,309.40000000000003,1,309.40000000000003,Medium CLV
13155.0,9,1,379.7,2,1,4,7,214,2,Potential Loyalists,379.7,1,379.7,Medium CLV
13173.0,7,1,165.94,3,1,2,6,312,0,Champions,165.94,1,165.94,Low CLV
13174.0,9,1,1415.97,2,1,5,8,215,2,Potential Loyalists,1415.97,1,1415.97,High CLV
13178.0,1,1,710.0,5,1,5,11,515,0,Champions,710.0,1,710.0,High CLV
13198.0,2,1,384.55,5,1,4,10,514,0,Champions,384.55,1,384.55,Medium CLV
13199.0,7,1,468.68,3,1,4,8,314,0,Champions,468.68,1,468.68,High CLV
13209.0,2,1,318.85,5,1,3,9,513,0,Champions,318.85,1,318.85,Medium CLV
13211.0,1,1,110.7,5,1,1,7,511,0,Champions,110.7,1,110.7,Low CLV
13225.0,2,1,1206.72,5,1,5,11,515,0,Champions,1206.72,1,1206.72,High CLV
13230.0,5,1,93.45,4,1,1,6,411,0,Champions,93.45,1,93.45,Low CLV
13240.0,6,1,224.07,4,1,2,7,412,0,Champions,224.07,1,224.07,Low CLV
13255.0,14,1,225.7,1,1,2,4,112,2,Potential Loyalists,225.7,1,225.7,Medium CLV
13267.0,1,2,622.3,5,4,4,13,544,0,Champions,311.15,2,622.3,High CLV
13269.0,1,2,662.1700000000001,5,4,5,14,545,0,Champions,331.08500000000004,2,662.1700000000001,High CLV
13270.0,6,1,590.0,4,1,4,9,414,0,Champions,590.0,1,590.0,High CLV
13305.0,13,1,136.2,1,1,1,3,111,2,Potential Loyalists,136.2,1,136.2,Low CLV
13319.0,6,2,759.28,4,4,5,13,445,0,Champions,379.64,2,759.28,High CLV
13324.0,1,1,650.1,5,1,5,11,515,0,Champions,650.1,1,650.1,High CLV
13327.0,5,2,745.0,4,4,5,13,445,0,Champions,372.5,2,745.0,High CLV
13329.0,7,1,304.2,3,1,3,7,313,0,Champions,304.2,1,304.2,Medium CLV
13369.0,6,1,308.28000000000003,4,1,3,8,413,0,Champions,308.28000000000003,1,308.28000000000003,Medium CLV
13370.0,12,1,754.87,2,1,5,8,215,2,Potential Loyalists,754.87,1,754.87,High CLV
13402.0,12,1,308.28000000000003,2,1,3,6,213,2,Potential Loyalists,308.28000000000003,1,308.28000000000003,Medium CLV
13408.0,2,3,2247.7200000000003,5,5,5,15,555,4,Lost Customers,749.2400000000001,3,2247.7200000000003,High CLV
13418.0,5,3,992.34,4,5,5,14,455,0,Champions,330.78000000000003,3,992.3400000000001,High CLV
13448.0,4,3,829.5400000000001,4,5,5,14,455,0,Champions,276.5133333333334,3,829.5400000000002,High CLV
13455.0,7,1,692.94,3,1,5,9,315,0,Champions,692.94,1,692.94,High CLV
13468.0,9,3,582.23,2,5,4,11,254,2,Potential Loyalists,194.07666666666668,3,582.23,High CLV
13488.0,8,1,1381.92,3,1,5,9,315,0,Champions,1381.92,1,1381.92,High CLV
13491.0,12,1,98.9,2,1,1,4,211,2,Potential Loyalists,98.9,1,98.9,Low CLV
13495.0,8,1,510.95,3,1,4,8,314,0,Champions,510.95,1,510.95,High CLV
13497.0,9,1,153.5,2,1,1,4,211,2,Potential Loyalists,153.5,1,153.5,Low CLV
13506.0,10,1,301.12,2,1,3,6,213,2,Potential Loyalists,301.12,1,301.12,Medium CLV
13520.0,12,1,303.4,2,1,3,6,213,2,Potential Loyalists,303.4,1,303.4,Medium CLV
13523.0,6,1,566.95,4,1,4,9,414,0,Champions,566.95,1,566.95,High CLV
13531.0,6,1,305.45,4,1,3,8,413,0,Champions,305.45,1,305.45,Medium CLV
13564.0,8,1,540.0,3,1,4,8,314,0,Champions,540.0,1,540.0,High CLV
13569.0,8,1,118.32,3,1,1,5,311,0,Champions,118.32,1,118.32,Low CLV
13576.0,13,1,349.15000000000003,1,1,3,5,113,2,Potential Loyalists,349.15000000000003,1,349.15000000000003,Medium CLV
13579.0,9,1,164.7,2,1,2,5,212,2,Potential Loyalists,164.7,1,164.7,Low CLV
13599.0,7,2,352.84,3,4,3,10,343,0,Champions,176.42,2,352.84,Medium CLV
13649.0,6,1,197.8,4,1,2,7,412,0,Champions,197.8,1,197.8,Low CLV
13652.0,9,1,308.8,2,1,3,6,213,2,Potential Loyalists,308.8,1,308.8,Medium CLV
13668.0,3,1,177.66,5,1,2,8,512,0,Champions,177.66,1,177.66,Low CLV
13694.0,14,1,842.12,1,1,5,7,115,2,Potential Loyalists,842.12,1,842.12,High CLV
13705.0,14,1,318.14,1,1,3,5,113,2,Potential Loyalists,318.14,1,318.14,Medium CLV
13715.0,3,3,496.63,5,5,4,14,554,0,Champions,165.54333333333332,3,496.63,High CLV
13747.0,14,1,79.6,1,1,1,3,111,2,Potential Loyalists,79.6,1,79.6,Low CLV
13748.0,14,1,204.0,1,1,2,4,112,2,Potential Loyalists,204.0,1,204.0,Low CLV
13756.0,8,1,532.8000000000001,3,1,4,8,314,0,Champions,532.8000000000001,1,532.8000000000001,High CLV
13758.0,6,2,718.85,4,4,5,13,445,0,Champions,359.425,2,718.85,High CLV
13767.0,5,4,1823.56,4,5,5,14,455,4,Lost Customers,455.89,4,1823.56,High CLV
13769.0,8,1,322.3,3,1,3,7,313,0,Champions,322.3,1,322.3,Medium CLV
13777.0,6,9,6840.16,4,5,5,14,455,4,Lost Customers,760.0177777777777,9,6840.16,High CLV
13786.0,7,1,230.4,3,1,2,6,312,0,Champions,230.4,1,230.4,Medium CLV
13787.0,4,1,106.4,4,1,1,6,411,0,Champions,106.4,1,106.4,Low CLV
13798.0,4,2,4170.66,4,4,5,13,445,4,Lost Customers,2085.33,2,4170.66,High CLV
13807.0,7,1,112.6,3,1,1,5,311,0,Champions,112.6,1,112.6,Low CLV
13831.0,10,1,408.0,2,1,4,7,214,2,Potential Loyalists,408.0,1,408.0,Medium CLV
13838.0,10,1,238.11,2,1,2,5,212,2,Potential Loyalists,238.11,1,238.11,Medium CLV
13842.0,7,1,310.57,3,1,3,7,313,0,Champions,310.57,1,310.57,Medium CLV
13848.0,6,1,320.0,4,1,3,8,413,0,Champions,320.0,1,320.0,Medium CLV
13854.0,6,1,309.4,4,1,3,8,413,0,Champions,309.4,1,309.4,Medium CLV
13880.0,7,1,97.8,3,1,1,5,311,0,Champions,97.8,1,97.8,Low CLV
13941.0,13,1,1095.12,1,1,5,7,115,2,Potential Loyalists,1095.12,1,1095.12,High CLV
13948.0,1,1,102.0,5,1,1,7,511,0,Champions,102.0,1,102.0,Low CLV
13959.0,2,1,214.74,5,1,2,8,512,0,Champions,214.74,1,214.74,Low CLV
13963.0,8,1,151.3,3,1,1,5,311,0,Champions,151.3,1,151.3,Low CLV
13969.0,5,1,317.59000000000003,4,1,3,8,413,0,Champions,317.59000000000003,1,317.59000000000003,Medium CLV
13982.0,5,1,428.6,4,1,4,9,414,0,Champions,428.6,1,428.6,High CLV
13983.0,7,1,329.36,3,1,3,7,313,0,Champions,329.36,1,329.36,Medium CLV
13984.0,6,1,154.8,4,1,1,6,411,0,Champions,154.8,1,154.8,Low CLV
13999.0,2,1,302.1,5,1,3,9,513,0,Champions,302.1,1,302.1,Medium CLV
14001.0,14,1,301.24,1,1,3,5,113,2,Potential Loyalists,301.24,1,301.24,Medium CLV
14030.0,6,2,676.5,4,4,5,13,445,0,Champions,338.25,2,676.5,High CLV
14031.0,5,2,1900.07,4,4,5,13,445,4,Lost Customers,950.035,2,1900.07,High CLV
14032.0,7,1,303.86,3,1,3,7,313,0,Champions,303.86,1,303.86,Medium CLV
14037.0,5,1,111.8,4,1,1,6,411,0,Champions,111.8,1,111.8,Low CLV
14045.0,14,1,326.4,1,1,3,5,113,2,Potential Loyalists,326.4,1,326.4,Medium CLV
14047.0,13,1,286.92,1,1,3,5,113,2,Potential Loyalists,286.92,1,286.92,Medium CLV
14051.0,7,1,623.4200000000001,3,1,4,8,314,0,Champions,623.4200000000001,1,623.4200000000001,High CLV
14057.0,1,1,632.52,5,1,4,10,514,0,Champions,632.52,1,632.52,High CLV
14060.0,7,2,620.84,3,4,4,11,344,0,Champions,310.42,2,620.84,High CLV
14062.0,4,1,966.62,4,1,5,10,415,0,Champions,966.62,1,966.62,High CLV
14078.0,14,1,136.24,1,1,1,3,111,2,Potential Loyalists,136.24,1,136.24,Low CLV
14081.0,9,1,423.52,2,1,4,7,214,2,Potential Loyalists,423.52,1,423.52,High CLV
14082.0,5,1,182.25,4,1,2,7,412,0,Champions,182.25,1,182.25,Low CLV
14083.0,12,1,309.54,2,1,3,6,213,2,Potential Loyalists,309.54,1,309.54,Medium CLV
14085.0,2,2,799.29,5,4,5,14,545,0,Champions,399.645,2,799.29,High CLV
14107.0,5,1,363.24,4,1,3,8,413,0,Champions,363.24,1,363.24,Medium CLV
14135.0,8,2,804.25,3,4,5,12,345,0,Champions,402.125,2,804.25,High CLV
14142.0,13,1,311.81,1,1,3,5,113,2,Potential Loyalists,311.81,1,311.81,Medium CLV
14156.0,12,1,322.2,2,1,3,6,213,2,Potential Loyalists,322.2,1,322.2,Medium CLV
14159.0,3,1,193.22,5,1,2,8,512,0,Champions,193.22,1,193.22,Low CLV
14161.0,10,1,283.15,2,1,3,6,213,2,Potential Loyalists,283.15,1,283.15,Medium CLV
14176.0,8,1,159.55,3,2,1,6,321,0,Champions,159.55,1,159.55,Low CLV
14180.0,2,2,541.15,5,5,4,14,554,0,Champions,270.575,2,541.15,High CLV
14189.0,9,1,311.24,2,2,3,7,223,2,Potential Loyalists,311.24,1,311.24,Medium CLV
14210.0,12,1,304.95000000000005,2,2,3,7,223,2,Potential Loyalists,304.95000000000005,1,304.95000000000005,Medium CLV
14215.0,8,1,166.0,3,2,2,7,322,0,Champions,166.0,1,166.0,Low CLV
14217.0,7,1,118.3,3,2,1,6,321,0,Champions,118.3,1,118.3,Low CLV
14236.0,12,1,189.3,2,2,2,6,222,2,Potential Loyalists,189.3,1,189.3,Low CLV
14237.0,14,1,161.0,1,2,1,4,121,2,Potential Loyalists,161.0,1,161.0,Low CLV
14243.0,6,1,213.3,4,2,2,8,422,0,Champions,213.3,1,213.3,Low CLV
14256.0,5,1,523.86,4,2,4,10,424,0,Champions,523.86,1,523.86,High CLV
14282.0,8,1,571.0,3,2,4,9,324,0,Champions,571.0,1,571.0,High CLV
14290.0,2,1,777.5600000000001,5,2,5,12,525,0,Champions,777.5600000000001,1,777.5600000000001,High CLV
14293.0,9,1,364.92,2,2,3,7,223,2,Potential Loyalists,364.92,1,364.92,Medium CLV
14298.0,1,3,2973.06,5,5,5,15,555,4,Lost Customers,991.02,3,2973.06,High CLV
14299.0,6,1,429.24,4,2,4,10,424,0,Champions,429.24,1,429.24,High CLV
14307.0,14,1,783.11,1,2,5,8,125,2,Potential Loyalists,783.11,1,783.11,High CLV
14344.0,8,2,340.65000000000003,3,5,3,11,353,0,Champions,170.32500000000002,2,340.65000000000003,Medium CLV
14355.0,6,1,174.4,4,2,2,8,422,0,Champions,174.4,1,174.4,Low CLV
14388.0,13,1,312.8,1,2,3,6,123,2,Potential Loyalists,312.8,1,312.8,Medium CLV
14390.0,13,1,223.7,1,2,2,5,122,2,Potential Loyalists,223.7,1,223.7,Low CLV
14395.0,12,1,308.68,2,2,3,7,223,2,Potential Loyalists,308.68,1,308.68,Medium CLV
14396.0,11,1,110.35,2,2,1,5,221,2,Potential Loyalists,110.35,1,110.35,Low CLV
14404.0,9,1,133.48,2,2,1,5,221,2,Potential Loyalists,133.48,1,133.48,Low CLV
14409.0,8,2,328.80000000000007,3,5,3,11,353,0,Champions,164.40000000000003,2,328.80000000000007,Medium CLV
14413.0,3,1,122.7,5,2,1,8,521,0,Champions,122.7,1,122.7,Low CLV
14415.0,1,1,875.18,5,2,5,12,525,0,Champions,875.18,1,875.18,High CLV
14419.0,5,1,124.1,4,2,1,7,421,0,Champions,124.1,1,124.1,Low CLV
14437.0,6,1,63.0,4,2,1,7,421,0,Champions,63.0,1,63.0,Low CLV
14440.0,6,1,656.7,4,2,5,11,425,0,Champions,656.7,1,656.7,High CLV
14443.0,9,1,303.5,2,2,3,7,223,2,Potential Loyalists,303.5,1,303.5,Medium CLV
14448.0,4,1,102.35,4,2,1,7,421,0,Champions,102.35,1,102.35,Low CLV
14449.0,12,1,210.24,2,2,2,6,222,2,Potential Loyalists,210.24,1,210.24,Low CLV
14466.0,13,1,379.75,1,2,4,7,124,2,Potential Loyalists,379.75,1,379.75,Medium CLV
14479.0,6,1,174.4,4,2,2,8,422,0,Champions,174.4,1,174.4,Low CLV
14487.0,9,1,125.1,2,2,1,5,221,2,Potential Loyalists,125.1,1,125.1,Low CLV
14491.0,13,1,127.2,1,2,1,4,121,2,Potential Loyalists,127.2,1,127.2,Low CLV
14496.0,13,1,304.34000000000003,1,2,3,6,123,2,Potential Loyalists,304.34000000000003,1,304.34000000000003,Medium CLV
14498.0,2,1,166.22,5,2,2,9,522,0,Champions,166.22,1,166.22,Low CLV
14505.0,2,1,1050.35,5,2,5,12,525,0,Champions,1050.35,1,1050.35,High CLV
14506.0,9,1,269.7,2,2,3,7,223,2,Potential Loyalists,269.7,1,269.7,Medium CLV
14524.0,1,1,275.45,5,2,3,10,523,0,Champions,275.45,1,275.45,Medium CLV
14525.0,1,1,462.3,5,2,4,11,524,0,Champions,462.3,1,462.3,High CLV
14527.0,6,2,517.33,4,5,4,13,454,0,Champions,258.665,2,517.33,High CLV
14543.0,5,1,254.4,4,2,2,8,422,0,Champions,254.4,1,254.4,Medium CLV
14544.0,2,1,1121.92,5,2,5,12,525,0,Champions,1121.92,1,1121.92,High CLV
14565.0,2,1,1167.41,5,2,5,12,525,0,Champions,1167.41,1,1167.41,High CLV
14573.0,12,1,413.1,2,2,4,8,224,2,Potential Loyalists,413.1,1,413.1,Medium CLV
14576.0,12,1,35.400000000000006,2,2,1,5,221,2,Potential Loyalists,35.400000000000006,1,35.400000000000006,Low CLV
14577.0,3,1,346.90000000000003,5,2,3,10,523,0,Champions,346.90000000000003,1,346.90000000000003,Medium CLV
14589.0,12,1,39.75,2,2,1,5,221,2,Potential Loyalists,39.75,1,39.75,Low CLV
14594.0,13,1,255.0,1,2,2,5,122,2,Potential Loyalists,255.0,1,255.0,Medium CLV
14606.0,1,5,923.67,5,5,5,15,555,4,Lost Customers,184.73399999999998,5,923.6699999999998,High CLV
14608.0,2,1,204.0,5,2,2,9,522,0,Champions,204.0,1,204.0,Low CLV
14625.0,1,1,585.53,5,2,4,11,524,0,Champions,585.53,1,585.53,High CLV
14639.0,1,1,676.54,5,2,5,12,525,0,Champions,676.54,1,676.54,High CLV
14667.0,1,5,1998.1,5,5,5,15,555,4,Lost Customers,399.62,5,1998.1,High CLV
14673.0,8,1,373.49,3,2,4,9,324,0,Champions,373.49,1,373.49,Medium CLV
14680.0,1,2,2875.4,5,5,5,15,555,4,Lost Customers,1437.7,2,2875.4,High CLV
14684.0,3,1,168.36,5,2,2,9,522,0,Champions,168.36,1,168.36,Low CLV
14688.0,14,1,444.98,1,2,4,7,124,2,Potential Loyalists,444.98,1,444.98,High CLV
14696.0,13,1,294.62,1,2,3,6,123,2,Potential Loyalists,294.62,1,294.62,Medium CLV
14702.0,5,1,318.7,4,2,3,9,423,0,Champions,318.7,1,318.7,Medium CLV
14708.0,9,1,419.06,2,2,4,8,224,2,Potential Loyalists,419.06,1,419.06,High CLV
14713.0,5,1,298.95,4,2,3,9,423,0,Champions,298.95,1,298.95,Medium CLV
14723.0,11,2,250.94,2,5,2,9,252,2,Potential Loyalists,125.47,2,250.94,Medium CLV
14729.0,14,1,313.49,1,2,3,6,123,2,Potential Loyalists,313.49,1,313.49,Medium CLV
14733.0,1,2,3525.14,5,5,5,15,555,4,Lost Customers,1762.57,2,3525.14,High CLV
14739.0,7,1,713.88,3,2,5,10,325,0,Champions,713.88,1,713.88,High CLV
14741.0,2,2,495.3,5,5,4,14,554,0,Champions,247.65,2,495.3,High CLV
14744.0,7,1,225.0,3,2,2,7,322,0,Champions,225.0,1,225.0,Low CLV
14748.0,9,2,470.42,2,5,4,11,254,2,Potential Loyalists,235.21,2,470.42,High CLV
14766.0,6,1,180.4,4,2,2,8,422,0,Champions,180.4,1,180.4,Low CLV
14775.0,12,1,406.56,2,2,4,8,224,2,Potential Loyalists,406.56,1,406.56,Medium CLV
14796.0,2,2,1028.82,5,5,5,15,555,0,Champions,514.41,2,1028.82,High CLV
14800.0,3,2,1219.85,5,5,5,15,555,0,Champions,609.925,2,1219.85,High CLV
14810.0,10,1,180.44,2,2,2,6,222,2,Potential Loyalists,180.44,1,180.44,Low CLV
14813.0,10,2,155.43,2,5,1,8,251,2,Potential Loyalists,77.715,2,155.43,Low CLV
14821.0,7,1,48.8,3,2,1,6,321,0,Champions,48.8,1,48.8,Low CLV
14825.0,9,1,184.1,2,2,2,6,222,2,Potential Loyalists,184.1,1,184.1,Low CLV
14829.0,1,2,385.33,5,5,4,14,554,0,Champions,192.665,2,385.33,Medium CLV
14849.0,14,3,355.84000000000003,1,5,3,9,153,2,Potential Loyalists,118.61333333333334,3,355.84000000000003,Medium CLV
14865.0,12,1,37.2,2,2,1,5,221,2,Potential Loyalists,37.2,1,37.2,Low CLV
14866.0,6,1,103.68,4,2,1,7,421,0,Champions,103.68,1,103.68,Low CLV
14871.0,1,1,140.4,5,2,1,8,521,0,Champions,140.4,1,140.4,Low CLV
14896.0,6,1,257.22,4,2,2,8,422,0,Champions,257.22,1,257.22,Medium CLV
14898.0,11,1,98.5,2,2,1,5,221,2,Potential Loyalists,98.5,1,98.5,Low CLV
14901.0,1,3,497.05,5,5,4,14,554,0,Champions,165.68333333333334,3,497.05,High CLV
14907.0,1,3,960.69,5,5,5,15,555,0,Champions,320.23,3,960.69,High CLV
14911.0,5,9,5567.63,4,5,5,14,455,4,Lost Customers,618.6255555555556,9,5567.63,High CLV
14932.0,6,1,363.53,4,2,3,9,423,0,Champions,363.53,1,363.53,Medium CLV
14952.0,5,1,686.1600000000001,4,2,5,11,425,0,Champions,686.1600000000001,1,686.1600000000001,High CLV
14961.0,1,2,1182.7,5,5,5,15,555,0,Champions,591.35,2,1182.7,High CLV
14987.0,6,1,163.2,4,2,1,7,421,0,Champions,163.2,1,163.2,Low CLV
15002.0,8,1,631.65,3,2,4,9,324,0,Champions,631.65,1,631.65,High CLV
15005.0,6,1,222.5,4,2,2,8,422,0,Champions,222.5,1,222.5,Low CLV
15012.0,14,1,191.06,1,2,2,5,122,2,Potential Loyalists,191.06,1,191.06,Low CLV
15018.0,8,1,111.25,3,2,1,6,321,0,Champions,111.25,1,111.25,Low CLV
15021.0,7,1,205.64,3,2,2,7,322,0,Champions,205.64,1,205.64,Low CLV
15023.0,9,1,460.6,2,2,4,8,224,2,Potential Loyalists,460.6,1,460.6,High CLV
15024.0,7,2,491.22,3,5,4,12,354,0,Champions,245.61,2,491.22,High CLV
15028.0,9,1,185.97,2,2,2,6,222,2,Potential Loyalists,185.97,1,185.97,Low CLV
15032.0,7,2,2770.6,3,5,5,13,355,4,Lost Customers,1385.3,2,2770.6,High CLV
15038.0,10,1,126.43,2,2,1,5,221,2,Potential Loyalists,126.43,1,126.43,Low CLV
15039.0,1,2,1317.76,5,5,5,15,555,0,Champions,658.88,2,1317.76,High CLV
15044.0,2,1,835.95,5,2,5,12,525,0,Champions,835.95,1,835.95,High CLV
15048.0,9,1,98.7,2,2,1,5,221,2,Potential Loyalists,98.7,1,98.7,Low CLV
15061.0,5,11,17344.78,4,5,5,14,455,3,At Risk,1576.7981818181818,11,17344.78,High CLV
15070.0,13,1,106.2,1,2,1,4,121,2,Potential Loyalists,106.2,1,106.2,Low CLV
15078.0,9,2,475.15,2,5,4,11,254,2,Potential Loyalists,237.575,2,475.15,High CLV
15079.0,6,1,141.95,4,2,1,7,421,0,Champions,141.95,1,141.95,Low CLV
15081.0,7,1,111.15,3,2,1,6,321,0,Champions,111.15,1,111.15,Low CLV
15093.0,12,1,623.73,2,2,4,8,224,2,Potential Loyalists,623.73,1,623.73,High CLV
15100.0,7,2,700.8,3,5,5,13,355,0,Champions,350.4,2,700.8,High CLV
15107.0,12,1,116.0,2,2,1,5,221,2,Potential Loyalists,116.0,1,116.0,Low CLV
15111.0,13,1,288.5,1,2,3,6,123,2,Potential Loyalists,288.5,1,288.5,Medium CLV
15159.0,1,2,1860.98,5,5,5,15,555,4,Lost Customers,930.49,2,1860.98,High CLV
15165.0,13,1,487.75,1,2,4,7,124,2,Potential Loyalists,487.75,1,487.75,High CLV
15180.0,7,1,87.5,3,2,1,6,321,0,Champions,87.5,1,87.5,Low CLV
15192.0,5,1,315.0,4,2,3,9,423,0,Champions,315.0,1,315.0,Medium CLV
15194.0,1,2,715.21,5,5,5,15,555,0,Champions,357.605,2,715.21,High CLV
15211.0,5,1,383.07,4,2,4,10,424,0,Champions,383.07,1,383.07,Medium CLV
15221.0,7,1,403.25,3,2,4,9,324,0,Champions,403.25,1,403.25,Medium CLV
15224.0,3,1,11.6,5,2,1,8,521,0,Champions,11.6,1,11.6,Low CLV
15235.0,9,2,165.05,2,5,2,9,252,2,Potential Loyalists,82.525,2,165.05,Low CLV
15260.0,13,2,420.5,1,5,4,10,154,2,Potential Loyalists,210.25,2,420.5,High CLV
15271.0,5,1,111.75,4,2,1,7,421,0,Champions,111.75,1,111.75,Low CLV
15288.0,5,1,165.65,4,2,2,8,422,0,Champions,165.65,1,165.65,Low CLV
15291.0,14,1,328.8,1,2,3,6,123,2,Potential Loyalists,328.8,1,328.8,Medium CLV
15298.0,6,1,397.6,4,2,4,10,424,0,Champions,397.6,1,397.6,Medium CLV
15299.0,12,3,1835.01,2,5,5,12,255,2,Potential Loyalists,611.67,3,1835.0099999999998,High CLV
15301.0,9,1,673.37,2,2,5,9,225,2,Potential Loyalists,673.37,1,673.37,High CLV
15304.0,9,1,123.15,2,2,1,5,221,2,Potential Loyalists,123.15,1,123.15,Low CLV
15311.0,1,5,1905.01,5,5,5,15,555,4,Lost Customers,381.002,5,1905.01,High CLV
15332.0,6,4,1661.06,4,5,5,14,455,4,Lost Customers,415.265,4,1661.06,High CLV
15347.0,6,1,201.6,4,2,2,8,422,0,Champions,201.6,1,201.6,Low CLV
15350.0,14,1,115.65,1,2,1,4,121,2,Potential Loyalists,115.65,1,115.65,Low CLV
15351.0,10,1,274.67,2,2,3,7,223,2,Potential Loyalists,274.67,1,274.67,Medium CLV
15353.0,8,1,311.65,3,2,3,8,323,0,Champions,311.65,1,311.65,Medium CLV
15356.0,1,2,365.54,5,5,3,13,553,0,Champions,182.77,2,365.54,Medium CLV
15358.0,6,2,624.55,4,5,4,13,454,0,Champions,312.275,2,624.55,High CLV
15361.0,2,1,418.92,5,2,4,11,524,0,Champions,418.92,1,418.92,High CLV
15363.0,13,1,326.0,1,2,3,6,123,2,Potential Loyalists,326.0,1,326.0,Medium CLV
15373.0,11,1,334.3,2,2,3,7,223,2,Potential Loyalists,334.3,1,334.3,Medium CLV
15380.0,5,1,230.1,4,2,2,8,422,0,Champions,230.1,1,230.1,Medium CLV
15426.0,9,1,411.42,2,2,4,8,224,2,Potential Loyalists,411.42,1,411.42,Medium CLV
15454.0,2,1,179.1,5,2,2,9,522,0,Champions,179.1,1,179.1,Low CLV
15465.0,10,1,535.75,2,2,4,8,224,2,Potential Loyalists,535.75,1,535.75,High CLV
15485.0,14,1,950.09,1,2,5,8,125,2,Potential Loyalists,950.09,1,950.09,High CLV
15498.0,6,2,976.72,4,5,5,14,455,0,Champions,488.36,2,976.72,High CLV
15502.0,8,3,929.4,3,5,5,13,355,0,Champions,309.8,3,929.4000000000001,High CLV
15503.0,3,1,147.09,5,2,1,8,521,0,Champions,147.09,1,147.09,Low CLV
15513.0,6,2,1313.5,4,5,5,14,455,0,Champions,656.75,2,1313.5,High CLV
15514.0,1,4,1884.71,5,5,5,15,555,4,Lost Customers,471.1775,4,1884.71,High CLV
15525.0,14,1,313.93,1,2,3,6,123,2,Potential Loyalists,313.93,1,313.93,Medium CLV
15529.0,5,2,321.46,4,5,3,12,453,0,Champions,160.73,2,321.46,Medium CLV
15544.0,13,1,354.54,1,2,3,6,123,2,Potential Loyalists,354.54,1,354.54,Medium CLV
15545.0,11,1,135.32999999999998,2,2,1,5,221,2,Potential Loyalists,135.32999999999998,1,135.32999999999998,Low CLV
15547.0,3,1,767.37,5,2,5,12,525,0,Champions,767.37,1,767.37,High CLV
15555.0,2,3,989.82,5,5,5,15,555,0,Champions,329.94,3,989.8199999999999,High CLV
15570.0,3,2,867.89,5,5,5,15,555,0,Champions,433.945,2,867.89,High CLV
15574.0,12,1,375.65,2,2,4,8,224,2,Potential Loyalists,375.65,1,375.65,Medium CLV
15581.0,6,1,272.34000000000003,4,2,3,9,423,0,Champions,272.34000000000003,1,272.34000000000003,Medium CLV
15596.0,5,1,402.32,4,2,4,10,424,0,Champions,402.32,1,402.32,Medium CLV
15601.0,13,1,768.38,1,2,5,8,125,2,Potential Loyalists,768.38,1,768.38,High CLV
15602.0,1,2,152.55,5,5,1,11,551,0,Champions,76.275,2,152.55,Low CLV
15605.0,14,1,194.85,1,2,2,5,122,2,Potential Loyalists,194.85,1,194.85,Low CLV
15628.0,7,1,319.18,3,2,3,8,323,0,Champions,319.18,1,319.18,Medium CLV
15640.0,1,2,1819.5,5,5,5,15,555,4,Lost Customers,909.75,2,1819.5,High CLV
15646.0,12,1,189.8,2,2,2,6,222,2,Potential Loyalists,189.8,1,189.8,Low CLV
15649.0,8,1,510.0,3,2,4,9,324,0,Champions,510.0,1,510.0,High CLV
15658.0,13,1,306.2,1,2,3,6,123,2,Potential Loyalists,306.2,1,306.2,Medium CLV
15660.0,6,1,209.3,4,2,2,8,422,0,Champions,209.3,1,209.3,Low CLV
15680.0,6,1,478.89,4,2,4,10,424,0,Champions,478.89,1,478.89,High CLV
15689.0,2,1,103.5,5,2,1,8,521,0,Champions,103.5,1,103.5,Low CLV
15694.0,1,3,847.3299999999999,5,5,5,15,555,0,Champions,282.4433333333333,3,847.3299999999999,High CLV
15708.0,10,1,350.68,2,2,3,7,223,2,Potential Loyalists,350.68,1,350.68,Medium CLV
15713.0,6,1,171.15,4,2,2,8,422,0,Champions,171.15,1,171.15,Low CLV
15716.0,10,1,547.1,2,2,4,8,224,2,Potential Loyalists,547.1,1,547.1,High CLV
15723.0,5,1,203.1,4,2,2,8,422,0,Champions,203.1,1,203.1,Low CLV
15732.0,12,1,138.1,2,2,1,5,221,2,Potential Loyalists,138.1,1,138.1,Low CLV
15738.0,13,1,329.65,1,2,3,6,123,2,Potential Loyalists,329.65,1,329.65,Medium CLV
15750.0,7,2,340.52,3,5,3,11,353,0,Champions,170.26,2,340.52,Medium CLV
15752.0,13,1,259.65000000000003,1,2,2,5,122,2,Potential Loyalists,259.65000000000003,1,259.65000000000003,Medium CLV
15769.0,11,1,91.8,2,2,1,5,221,2,Potential Loyalists,91.8,1,91.8,Low CLV
15777.0,1,1,365.55,5,2,3,10,523,0,Champions,365.55,1,365.55,Medium CLV
15805.0,5,1,370.8,4,2,4,10,424,0,Champions,370.8,1,370.8,Medium CLV
15808.0,1,2,2249.85,5,5,5,15,555,4,Lost Customers,1124.925,2,2249.85,High CLV
15811.0,5,1,289.85,4,2,3,9,423,0,Champions,289.85,1,289.85,Medium CLV
15823.0,12,1,15.0,2,2,1,5,221,2,Potential Loyalists,15.0,1,15.0,Low CLV
15827.0,13,2,190.93,1,5,2,8,152,2,Potential Loyalists,95.465,2,190.93,Low CLV
15838.0,8,1,957.5,3,3,5,11,335,0,Champions,957.5,1,957.5,High CLV
15854.0,2,1,230.1,5,3,2,10,532,0,Champions,230.1,1,230.1,Medium CLV
15856.0,6,1,1571.32,4,3,5,12,435,0,Champions,1571.32,1,1571.32,High CLV
15858.0,7,1,383.93,3,3,4,10,334,0,Champions,383.93,1,383.93,Medium CLV
15860.0,9,1,102.66,2,3,1,6,231,2,Potential Loyalists,102.66,1,102.66,Low CLV
15862.0,14,1,354.23,1,3,3,7,133,2,Potential Loyalists,354.23,1,354.23,Medium CLV
15867.0,1,2,314.3,5,5,3,13,553,0,Champions,157.15,2,314.3,Medium CLV
15880.0,10,1,343.28,2,3,3,8,233,2,Potential Loyalists,343.28,1,343.28,Medium CLV
15881.0,2,2,155.25,5,5,1,11,551,0,Champions,77.625,2,155.25,Low CLV
15882.0,9,2,371.3200000000001,2,5,4,11,254,2,Potential Loyalists,185.66000000000005,2,371.3200000000001,Medium CLV
15889.0,9,1,297.92,2,3,3,8,233,2,Potential Loyalists,297.92,1,297.92,Medium CLV
15894.0,9,1,156.74,2,3,1,6,231,2,Potential Loyalists,156.74,1,156.74,Low CLV
15898.0,8,2,521.69,3,5,4,12,354,0,Champions,260.845,2,521.69,High CLV
15899.0,9,1,56.25,2,3,1,6,231,2,Potential Loyalists,56.25,1,56.25,Low CLV
15916.0,7,2,232.45,3,5,2,10,352,0,Champions,116.225,2,232.45,Medium CLV
15919.0,9,1,270.72,2,3,3,8,233,2,Potential Loyalists,270.72,1,270.72,Medium CLV
15922.0,13,1,369.5,1,3,3,7,133,2,Potential Loyalists,369.5,1,369.5,Medium CLV
15923.0,13,1,127.08,1,3,1,5,131,2,Potential Loyalists,127.08,1,127.08,Low CLV
15945.0,6,1,181.0,4,3,2,9,432,0,Champions,181.0,1,181.0,Low CLV
15953.0,9,1,209.84,2,3,2,7,232,2,Potential Loyalists,209.84,1,209.84,Low CLV
15955.0,13,1,572.38,1,3,4,8,134,2,Potential Loyalists,572.38,1,572.38,High CLV
15965.0,8,1,156.19,3,3,1,7,331,0,Champions,156.19,1,156.19,Low CLV
15973.0,7,1,307.82000000000005,3,3,3,9,333,0,Champions,307.82000000000005,1,307.82000000000005,Medium CLV
15983.0,1,3,1148.27,5,5,5,15,555,4,Lost Customers,382.75666666666666,3,1148.27,High CLV
15984.0,9,1,122.7,2,3,1,6,231,2,Potential Loyalists,122.7,1,122.7,Low CLV
15987.0,9,1,113.48,2,3,1,6,231,2,Potential Loyalists,113.48,1,113.48,Low CLV
15996.0,6,1,263.25,4,3,2,9,432,0,Champions,263.25,1,263.25,Medium CLV
15998.0,3,1,863.39,5,3,5,13,535,0,Champions,863.39,1,863.39,High CLV
16010.0,3,1,110.1,5,3,1,9,531,0,Champions,110.1,1,110.1,Low CLV
16011.0,3,2,406.1,5,5,4,14,554,0,Champions,203.05,2,406.1,Medium CLV
16013.0,12,2,1062.0,2,5,5,12,255,2,Potential Loyalists,531.0,2,1062.0,High CLV
16016.0,7,1,382.27,3,3,4,10,334,0,Champions,382.27,1,382.27,Medium CLV
16019.0,5,1,219.1,4,3,2,9,432,0,Champions,219.1,1,219.1,Low CLV
16029.0,12,3,4271.52,2,5,5,12,255,4,Lost Customers,1423.8400000000001,3,4271.52,High CLV
16033.0,1,2,309.69,5,5,3,13,553,0,Champions,154.845,2,309.69,Medium CLV
16048.0,13,2,256.44,1,5,2,8,152,2,Potential Loyalists,128.22,2,256.44,Medium CLV
16059.0,8,1,118.25,3,3,1,7,331,0,Champions,118.25,1,118.25,Low CLV
16062.0,5,1,247.56,4,3,2,9,432,0,Champions,247.56,1,247.56,Medium CLV
16065.0,6,1,372.09,4,3,4,11,434,0,Champions,372.09,1,372.09,Medium CLV
16081.0,7,1,157.6,3,3,1,7,331,0,Champions,157.6,1,157.6,Low CLV
16083.0,1,1,337.98,5,3,3,11,533,0,Champions,337.98,1,337.98,Medium CLV
16086.0,7,1,177.26,3,3,2,8,332,0,Champions,177.26,1,177.26,Low CLV
16098.0,14,1,430.6,1,3,4,8,134,2,Potential Loyalists,430.6,1,430.6,High CLV
16122.0,7,1,105.72,3,3,1,7,331,0,Champions,105.72,1,105.72,Low CLV
16125.0,7,1,289.35,3,3,3,9,333,0,Champions,289.35,1,289.35,Medium CLV
16140.0,11,1,124.14,2,3,1,6,231,2,Potential Loyalists,124.14,1,124.14,Low CLV
16143.0,9,1,355.75,2,3,3,8,233,2,Potential Loyalists,355.75,1,355.75,Medium CLV
16150.0,12,1,393.42,2,3,4,9,234,2,Potential Loyalists,393.42,1,393.42,Medium CLV
16161.0,9,1,164.2,2,3,1,6,231,2,Potential Loyalists,164.2,1,164.2,Low CLV
16163.0,5,1,441.6,4,3,4,11,434,0,Champions,441.6,1,441.6,High CLV
16168.0,10,1,275.8,2,3,3,8,233,2,Potential Loyalists,275.8,1,275.8,Medium CLV
16186.0,12,1,307.68,2,3,3,8,233,2,Potential Loyalists,307.68,1,307.68,Medium CLV
16191.0,1,2,627.5999999999999,5,5,4,14,554,0,Champions,313.79999999999995,2,627.5999999999999,High CLV
16202.0,1,1,365.27,5,3,3,11,533,0,Champions,365.27,1,365.27,Medium CLV
16203.0,12,1,170.7,2,3,2,7,232,2,Potential Loyalists,170.7,1,170.7,Low CLV
16210.0,2,3,5277.74,5,5,5,15,555,4,Lost Customers,1759.2466666666667,3,5277.74,High CLV
16218.0,14,1,471.3,1,3,4,8,134,2,Potential Loyalists,471.3,1,471.3,High CLV
16221.0,8,1,166.74,3,3,2,8,332,0,Champions,166.74,1,166.74,Low CLV
16233.0,7,1,147.39999999999998,3,3,1,7,331,0,Champions,147.39999999999998,1,147.39999999999998,Low CLV
16241.0,10,1,277.65000000000003,2,3,3,8,233,2,Potential Loyalists,277.65000000000003,1,277.65000000000003,Medium CLV
16244.0,13,1,1056.63,1,3,5,9,135,2,Potential Loyalists,1056.63,1,1056.63,High CLV
16250.0,14,1,226.14,1,3,2,6,132,2,Potential Loyalists,226.14,1,226.14,Medium CLV
16255.0,5,1,374.25,4,3,4,11,434,0,Champions,374.25,1,374.25,Medium CLV
16265.0,5,2,840.8100000000001,4,5,5,14,455,0,Champions,420.40500000000003,2,840.8100000000001,High CLV
16274.0,13,1,357.95,1,3,3,7,133,2,Potential Loyalists,357.95,1,357.95,Medium CLV
16293.0,7,1,378.75,3,3,4,10,334,0,Champions,378.75,1,378.75,Medium CLV
16306.0,7,1,68.1,3,3,1,7,331,0,Champions,68.1,1,68.1,Low CLV
16327.0,10,1,535.6,2,3,4,9,234,2,Potential Loyalists,535.6,1,535.6,High CLV
16353.0,10,1,204.0,2,3,2,7,232,2,Potential Loyalists,204.0,1,204.0,Low CLV
16365.0,7,1,139.86,3,3,1,7,331,0,Champions,139.86,1,139.86,Low CLV
16367.0,3,1,170.91,5,3,2,10,532,0,Champions,170.91,1,170.91,Low CLV
16385.0,7,1,148.23000000000002,3,3,1,7,331,0,Champions,148.23000000000002,1,148.23000000000002,Low CLV
16393.0,3,2,291.55,5,5,3,13,553,0,Champions,145.775,2,291.55,Medium CLV
16402.0,10,1,211.8,2,3,2,7,232,2,Potential Loyalists,211.8,1,211.8,Low CLV
16411.0,10,1,131.5,2,3,1,6,231,2,Potential Loyalists,131.5,1,131.5,Low CLV
16422.0,9,1,1668.2,2,3,5,10,235,2,Potential Loyalists,1668.2,1,1668.2,High CLV
16442.0,1,1,151.66,5,3,1,9,531,0,Champions,151.66,1,151.66,Low CLV
16455.0,1,3,531.98,5,5,4,14,554,0,Champions,177.32666666666668,3,531.98,High CLV
16456.0,13,1,787.4,1,3,5,9,135,2,Potential Loyalists,787.4,1,787.4,High CLV
16458.0,1,1,193.9,5,3,2,10,532,0,Champions,193.9,1,193.9,Low CLV
16477.0,12,1,225.65,2,3,2,7,232,2,Potential Loyalists,225.65,1,225.65,Low CLV
16499.0,1,2,365.45,5,5,3,13,553,0,Champions,182.725,2,365.45,Medium CLV
16510.0,13,1,248.1,1,3,2,6,132,2,Potential Loyalists,248.1,1,248.1,Medium CLV
16519.0,5,1,103.7,4,3,1,8,431,0,Champions,103.7,1,103.7,Low CLV
16520.0,6,1,325.76,4,3,3,10,433,0,Champions,325.76,1,325.76,Medium CLV
16525.0,7,1,411.44,3,3,4,10,334,0,Champions,411.44,1,411.44,Medium CLV
16531.0,1,1,92.82,5,3,1,9,531,0,Champions,92.82,1,92.82,Low CLV
16539.0,13,1,442.35,1,3,4,8,134,2,Potential Loyalists,442.35,1,442.35,High CLV
16546.0,13,1,299.40000000000003,1,3,3,7,133,2,Potential Loyalists,299.40000000000003,1,299.40000000000003,Medium CLV
16550.0,8,1,554.66,3,3,4,10,334,0,Champions,554.66,1,554.66,High CLV
16552.0,14,1,95.29,1,3,1,5,131,2,Potential Loyalists,95.29,1,95.29,Low CLV
16556.0,1,1,310.85,5,3,3,11,533,0,Champions,310.85,1,310.85,Medium CLV
16558.0,7,1,569.4,3,3,4,10,334,0,Champions,569.4,1,569.4,High CLV
16565.0,4,1,173.7,4,3,2,9,432,0,Champions,173.7,1,173.7,Low CLV
16583.0,14,1,233.45,1,3,2,6,132,2,Potential Loyalists,233.45,1,233.45,Medium CLV
16596.0,6,1,120.65,4,3,1,8,431,0,Champions,120.65,1,120.65,Low CLV
16634.0,12,1,164.8,2,3,2,7,232,2,Potential Loyalists,164.8,1,164.8,Low CLV
16638.0,9,1,50.400000000000006,2,3,1,6,231,2,Potential Loyalists,50.400000000000006,1,50.400000000000006,Low CLV
16654.0,8,1,227.4,3,3,2,8,332,0,Champions,227.4,1,227.4,Medium CLV
16656.0,5,1,428.76,4,3,4,11,434,0,Champions,428.76,1,428.76,High CLV
16658.0,8,1,123.24,3,3,1,7,331,0,Champions,123.24,1,123.24,Low CLV
16665.0,2,1,135.4,5,3,1,9,531,0,Champions,135.4,1,135.4,Low CLV
16679.0,6,1,129.75,4,3,1,8,431,0,Champions,129.75,1,129.75,Low CLV
16700.0,6,1,336.94,4,3,3,10,433,0,Champions,336.94,1,336.94,Medium CLV
16701.0,2,1,476.76,5,3,4,12,534,0,Champions,476.76,1,476.76,High CLV
16710.0,9,1,375.47,2,3,4,9,234,2,Potential Loyalists,375.47,1,375.47,Medium CLV
16713.0,7,1,414.43,3,3,4,10,334,0,Champions,414.43,1,414.43,Medium CLV
16717.0,6,1,307.25,4,3,3,10,433,0,Champions,307.25,1,307.25,Medium CLV
16718.0,10,1,623.75,2,3,4,9,234,2,Potential Loyalists,623.75,1,623.75,High CLV
16719.0,9,1,430.73,2,3,4,9,234,2,Potential Loyalists,430.73,1,430.73,High CLV
16722.0,6,2,799.52,4,5,5,14,455,0,Champions,399.76,2,799.52,High CLV
16725.0,11,1,122.15,2,3,1,6,231,2,Potential Loyalists,122.15,1,122.15,Low CLV
16726.0,2,1,129.57,5,3,1,9,531,0,Champions,129.57,1,129.57,Low CLV
16727.0,4,1,272.82,4,3,3,10,433,0,Champions,272.82,1,272.82,Medium CLV
16752.0,13,1,207.5,1,3,2,6,132,2,Potential Loyalists,207.5,1,207.5,Low CLV
16754.0,12,1,2002.4,2,3,5,10,235,2,Potential Loyalists,2002.4,1,2002.4,High CLV
16770.0,12,1,130.8,2,3,1,6,231,2,Potential Loyalists,130.8,1,130.8,Low CLV
16775.0,7,1,231.9,3,3,2,8,332,0,Champions,231.9,1,231.9,Medium CLV
16779.0,3,2,687.83,5,5,5,15,555,0,Champions,343.915,2,687.83,High CLV
16781.0,12,1,311.25,2,3,3,8,233,2,Potential Loyalists,311.25,1,311.25,Medium CLV
16782.0,6,1,371.7,4,3,4,11,434,0,Champions,371.7,1,371.7,Medium CLV
16795.0,5,1,414.88,4,3,4,11,434,0,Champions,414.88,1,414.88,Medium CLV
16805.0,1,1,214.77,5,3,2,10,532,0,Champions,214.77,1,214.77,Low CLV
16812.0,1,1,479.35,5,3,4,12,534,0,Champions,479.35,1,479.35,High CLV
16814.0,10,1,273.29,2,3,3,8,233,2,Potential Loyalists,273.29,1,273.29,Medium CLV
16817.0,8,1,244.2,3,3,2,8,332,0,Champions,244.2,1,244.2,Medium CLV
16835.0,13,1,81.75,1,3,1,5,131,2,Potential Loyalists,81.75,1,81.75,Low CLV
16839.0,10,1,552.24,2,3,4,9,234,2,Potential Loyalists,552.24,1,552.24,High CLV
16858.0,9,1,375.69000000000005,2,3,4,9,234,2,Potential Loyalists,375.69000000000005,1,375.69000000000005,Medium CLV
16863.0,7,1,164.25,3,3,1,7,331,0,Champions,164.25,1,164.25,Low CLV
16873.0,4,1,2157.64,4,3,5,12,435,0,Champions,2157.64,1,2157.64,High CLV
16883.0,12,1,128.03,2,3,1,6,231,2,Potential Loyalists,128.03,1,128.03,Low CLV
16891.0,12,1,232.26,2,3,2,7,232,2,Potential Loyalists,232.26,1,232.26,Medium CLV
16893.0,7,1,145.93,3,3,1,7,331,0,Champions,145.93,1,145.93,Low CLV
16898.0,9,1,116.08,2,3,1,6,231,2,Potential Loyalists,116.08,1,116.08,Low CLV
16899.0,1,1,170.55,5,3,2,10,532,0,Champions,170.55,1,170.55,Low CLV
16904.0,8,2,338.7,3,5,3,11,353,0,Champions,169.35,2,338.7,Medium CLV
16905.0,12,1,254.4,2,3,2,7,232,2,Potential Loyalists,254.4,1,254.4,Medium CLV
16907.0,5,1,182.02,4,3,2,9,432,0,Champions,182.02,1,182.02,Low CLV
16916.0,13,1,198.08,1,3,2,6,132,2,Potential Loyalists,198.08,1,198.08,Low CLV
16919.0,9,1,198.35,2,3,2,7,232,2,Potential Loyalists,198.35,1,198.35,Low CLV
16923.0,3,1,550.5,5,3,4,12,534,0,Champions,550.5,1,550.5,High CLV
16926.0,12,1,230.25,2,3,2,7,232,2,Potential Loyalists,230.25,1,230.25,Medium CLV
16927.0,2,1,218.1,5,3,2,10,532,0,Champions,218.1,1,218.1,Low CLV
16928.0,13,1,116.25,1,3,1,5,131,2,Potential Loyalists,116.25,1,116.25,Low CLV
16931.0,10,1,152.05,2,3,1,6,231,2,Potential Loyalists,152.05,1,152.05,Low CLV
16950.0,7,1,172.0,3,3,2,8,332,0,Champions,172.0,1,172.0,Low CLV
16955.0,9,2,189.1,2,5,2,9,252,2,Potential Loyalists,94.55,2,189.1,Low CLV
16983.0,10,1,163.49,2,3,1,6,231,2,Potential Loyalists,163.49,1,163.49,Low CLV
17017.0,5,4,1533.62,4,5,5,14,455,4,Lost Customers,383.405,4,1533.62,High CLV
17019.0,9,1,358.82,2,3,3,8,233,2,Potential Loyalists,358.82,1,358.82,Medium CLV
17025.0,13,2,160.97,1,5,1,7,151,2,Potential Loyalists,80.485,2,160.97,Low CLV
17026.0,10,1,33.15,2,3,1,6,231,2,Potential Loyalists,33.15,1,33.15,Low CLV
17041.0,1,1,304.5,5,3,3,11,533,0,Champions,304.5,1,304.5,Medium CLV
17059.0,10,1,722.36,2,3,5,10,235,2,Potential Loyalists,722.36,1,722.36,High CLV
17062.0,6,2,294.43,4,5,3,12,453,0,Champions,147.215,2,294.43,Medium CLV
17068.0,8,1,166.15,3,3,2,8,332,0,Champions,166.15,1,166.15,Low CLV
17069.0,13,1,277.05,1,3,3,7,133,2,Potential Loyalists,277.05,1,277.05,Medium CLV
17076.0,5,1,151.5,4,3,1,8,431,0,Champions,151.5,1,151.5,Low CLV
17085.0,3,1,452.99,5,3,4,12,534,0,Champions,452.99,1,452.99,High CLV
17091.0,8,1,293.45000000000005,3,3,3,9,333,0,Champions,293.45000000000005,1,293.45000000000005,Medium CLV
17097.0,5,1,174.72,4,3,2,9,432,0,Champions,174.72,1,174.72,Low CLV
17126.0,3,1,212.6,5,3,2,10,532,0,Champions,212.6,1,212.6,Low CLV
17135.0,12,1,215.58,2,3,2,7,232,2,Potential Loyalists,215.58,1,215.58,Low CLV
17158.0,1,1,413.79,5,3,4,12,534,0,Champions,413.79,1,413.79,Medium CLV
17179.0,1,1,243.0,5,4,2,11,542,0,Champions,243.0,1,243.0,Medium CLV
17181.0,14,1,155.52,1,4,1,6,141,2,Potential Loyalists,155.52,1,155.52,Low CLV
17188.0,3,1,513.64,5,4,4,13,544,0,Champions,513.64,1,513.64,High CLV
17191.0,8,3,510.11,3,5,4,12,354,0,Champions,170.03666666666666,3,510.11,High CLV
17194.0,1,1,252.62,5,4,2,11,542,0,Champions,252.62,1,252.62,Medium CLV
17198.0,6,2,521.66,4,5,4,13,454,0,Champions,260.83,2,521.66,High CLV
17211.0,3,2,597.52,5,5,4,14,554,0,Champions,298.76,2,597.52,High CLV
17213.0,7,1,312.90000000000003,3,4,3,10,343,0,Champions,312.90000000000003,1,312.90000000000003,Medium CLV
17218.0,3,2,506.78,5,5,4,14,554,0,Champions,253.39,2,506.78,High CLV
17220.0,4,1,317.5,4,4,3,11,443,0,Champions,317.5,1,317.5,Medium CLV
17223.0,8,1,292.84000000000003,3,4,3,10,343,0,Champions,292.84000000000003,1,292.84000000000003,Medium CLV
17227.0,9,1,142.25,2,4,1,7,241,2,Potential Loyalists,142.25,1,142.25,Low CLV
17228.0,8,2,355.95,3,5,3,11,353,0,Champions,177.975,2,355.95,Medium CLV
17231.0,1,1,232.01,5,4,2,11,542,0,Champions,232.01,1,232.01,Medium CLV
17235.0,13,1,341.90000000000003,1,4,3,8,143,2,Potential Loyalists,341.90000000000003,1,341.90000000000003,Medium CLV
17236.0,3,1,126.28,5,4,1,10,541,0,Champions,126.28,1,126.28,Low CLV
17238.0,11,2,370.09,2,5,3,10,253,2,Potential Loyalists,185.045,2,370.09,Medium CLV
17243.0,3,2,595.5,5,5,4,14,554,0,Champions,297.75,2,595.5,High CLV
17251.0,3,1,283.28000000000003,5,4,3,12,543,0,Champions,283.28000000000003,1,283.28000000000003,Medium CLV
17259.0,9,1,381.64,2,4,4,10,244,2,Potential Loyalists,381.64,1,381.64,Medium CLV
17262.0,7,1,268.86,3,4,2,9,342,0,Champions,268.86,1,268.86,Medium CLV
17287.0,8,2,222.7,3,5,2,10,352,0,Champions,111.35,2,222.7,Low CLV
17293.0,1,1,346.14,5,4,3,12,543,0,Champions,346.14,1,346.14,Medium CLV
17303.0,2,1,250.04,5,4,2,11,542,0,Champions,250.04,1,250.04,Medium CLV
17320.0,8,1,450.92,3,4,4,11,344,0,Champions,450.92,1,450.92,High CLV
17324.0,7,1,127.05,3,4,1,8,341,0,Champions,127.05,1,127.05,Low CLV
17338.0,2,1,767.6,5,4,5,14,545,0,Champions,767.6,1,767.6,High CLV
17339.0,5,1,60.0,4,4,1,9,441,0,Champions,60.0,1,60.0,Low CLV
17340.0,6,1,2671.27,4,4,5,13,445,4,Lost Customers,2671.27,1,2671.27,High CLV
17341.0,7,1,513.6,3,4,4,11,344,0,Champions,513.6,1,513.6,High CLV
17346.0,13,1,146.61,1,4,1,6,141,2,Potential Loyalists,146.61,1,146.61,Low CLV
17371.0,1,1,97.63,5,4,1,10,541,0,Champions,97.63,1,97.63,Low CLV
17372.0,1,2,370.78,5,5,3,13,553,0,Champions,185.39,2,370.78,Medium CLV
17375.0,1,1,109.71,5,4,1,10,541,0,Champions,109.71,1,109.71,Low CLV
17377.0,6,2,588.3,4,5,4,13,454,0,Champions,294.15,2,588.3,High CLV
17381.0,9,3,3603.72,2,5,5,12,255,4,Lost Customers,1201.24,3,3603.7200000000003,High CLV
17396.0,12,1,397.5,2,4,4,10,244,2,Potential Loyalists,397.5,1,397.5,Medium CLV
17402.0,9,2,459.97,2,5,4,11,254,2,Potential Loyalists,229.985,2,459.97,High CLV
17404.0,1,1,1188.0,5,4,5,14,545,0,Champions,1188.0,1,1188.0,High CLV
17406.0,7,1,702.1,3,4,5,12,345,0,Champions,702.1,1,702.1,High CLV
17412.0,12,1,197.3,2,4,2,8,242,2,Potential Loyalists,197.3,1,197.3,Low CLV
17419.0,7,2,374.27,3,5,4,12,354,0,Champions,187.135,2,374.27,Medium CLV
17420.0,14,1,130.85,1,4,1,6,141,2,Potential Loyalists,130.85,1,130.85,Low CLV
17428.0,2,2,893.95,5,5,5,15,555,0,Champions,446.975,2,893.95,High CLV
17430.0,6,1,112.6,4,4,1,9,441,0,Champions,112.6,1,112.6,Low CLV
17450.0,8,2,2028.84,3,5,5,13,355,4,Lost Customers,1014.42,2,2028.84,High CLV
17456.0,5,1,249.86,4,4,2,10,442,0,Champions,249.86,1,249.86,Medium CLV
17460.0,12,2,70.30000000000001,2,5,1,8,251,2,Potential Loyalists,35.150000000000006,2,70.30000000000001,Low CLV
17470.0,8,1,178.4,3,4,2,9,342,0,Champions,178.4,1,178.4,Low CLV
17491.0,8,1,327.4,3,4,3,10,343,0,Champions,327.4,1,327.4,Medium CLV
17511.0,8,2,3470.68,3,5,5,13,355,4,Lost Customers,1735.34,2,3470.68,High CLV
17519.0,8,1,335.3,3,4,3,10,343,0,Champions,335.3,1,335.3,Medium CLV
17524.0,1,1,145.0,5,4,1,10,541,0,Champions,145.0,1,145.0,Low CLV
17526.0,1,2,238.6,5,5,2,12,552,0,Champions,119.3,2,238.6,Medium CLV
17530.0,5,1,300.64,4,4,3,11,443,0,Champions,300.64,1,300.64,Medium CLV
17552.0,12,2,298.52,2,5,3,10,253,2,Potential Loyalists,149.26,2,298.52,Medium CLV
17567.0,12,1,517.95,2,4,4,10,244,2,Potential Loyalists,517.95,1,517.95,High CLV
17572.0,14,1,70.80000000000001,1,4,1,6,141,2,Potential Loyalists,70.80000000000001,1,70.80000000000001,Low CLV
17576.0,1,2,297.0,5,5,3,13,553,0,Champions,148.5,2,297.0,Medium CLV
17581.0,12,2,786.78,2,5,5,12,255,2,Potential Loyalists,393.39,2,786.78,High CLV
17591.0,7,1,406.6,3,4,4,11,344,0,Champions,406.6,1,406.6,Medium CLV
17596.0,9,1,392.62,2,4,4,10,244,2,Potential Loyalists,392.62,1,392.62,Medium CLV
17611.0,1,1,244.19,5,4,2,11,542,0,Champions,244.19,1,244.19,Medium CLV
17616.0,8,1,326.4,3,4,3,10,343,0,Champions,326.4,1,326.4,Medium CLV
17618.0,2,1,320.28,5,4,3,12,543,0,Champions,320.28,1,320.28,Medium CLV
17643.0,13,1,101.55,1,4,1,6,141,2,Potential Loyalists,101.55,1,101.55,Low CLV
17646.0,5,1,251.0,4,4,2,10,442,0,Champions,251.0,1,251.0,Medium CLV
17655.0,6,1,676.1,4,4,5,13,445,0,Champions,676.1,1,676.1,High CLV
17659.0,12,1,247.8,2,4,2,8,242,2,Potential Loyalists,247.8,1,247.8,Medium CLV
17671.0,5,1,394.18,4,4,4,12,444,0,Champions,394.18,1,394.18,Medium CLV
17674.0,9,1,300.66,2,4,3,9,243,2,Potential Loyalists,300.66,1,300.66,Medium CLV
17675.0,5,2,1019.12,4,5,5,14,455,0,Champions,509.56,2,1019.12,High CLV
17676.0,6,1,300.7,4,4,3,11,443,0,Champions,300.7,1,300.7,Medium CLV
17677.0,7,4,1616.6,3,5,5,13,355,4,Lost Customers,404.15,4,1616.6,High CLV
17682.0,9,1,391.5,2,4,4,10,244,2,Potential Loyalists,391.5,1,391.5,Medium CLV
17685.0,1,2,463.02,5,5,4,14,554,0,Champions,231.51,2,463.02,High CLV
17690.0,5,4,687.9,4,5,5,14,455,4,Lost Customers,171.975,4,687.9,High CLV
17691.0,9,1,142.5,2,4,1,7,241,2,Potential Loyalists,142.5,1,142.5,Low CLV
17696.0,5,2,175.6,4,5,2,11,452,0,Champions,87.8,2,175.6,Low CLV
17706.0,7,3,477.83,3,5,4,12,354,0,Champions,159.27666666666667,3,477.83000000000004,High CLV
17720.0,8,1,102.0,3,4,1,8,341,0,Champions,102.0,1,102.0,Low CLV
17722.0,7,1,910.14,3,4,5,12,345,0,Champions,910.14,1,910.14,High CLV
17732.0,13,1,303.97,1,4,3,8,143,2,Potential Loyalists,303.97,1,303.97,Medium CLV
17735.0,8,1,454.6,3,4,4,11,344,0,Champions,454.6,1,454.6,High CLV
17757.0,4,3,450.45,4,5,4,13,454,0,Champions,150.15,3,450.45000000000005,High CLV
17760.0,13,1,172.54,1,4,2,7,142,2,Potential Loyalists,172.54,1,172.54,Low CLV
17787.0,12,1,736.28,2,4,5,11,245,2,Potential Loyalists,736.28,1,736.28,High CLV
17790.0,2,4,283.65,5,5,3,13,553,0,Champions,70.9125,4,283.65,Medium CLV
17796.0,10,1,114.65,2,4,1,7,241,2,Potential Loyalists,114.65,1,114.65,Low CLV
17799.0,2,1,223.48,5,4,2,11,542,0,Champions,223.48,1,223.48,Low CLV
17802.0,13,1,100.2,1,4,1,6,141,2,Potential Loyalists,100.2,1,100.2,Low CLV
17809.0,12,3,1251.5,2,5,5,12,255,2,Potential Loyalists,417.1666666666667,3,1251.5,High CLV
17812.0,8,1,217.55,3,4,2,9,342,0,Champions,217.55,1,217.55,Low CLV
17816.0,5,1,16.21,4,4,1,9,441,0,Champions,16.21,1,16.21,Low CLV
17819.0,3,2,980.12,5,5,5,15,555,0,Champions,490.06,2,980.12,High CLV
17827.0,5,3,1271.8,4,5,5,14,455,4,Lost Customers,423.93333333333334,3,1271.8,High CLV
17838.0,5,2,935.56,4,5,5,14,455,0,Champions,467.78,2,935.56,High CLV
17841.0,5,4,1541.56,4,5,5,14,455,4,Lost Customers,385.39,4,1541.56,High CLV
17850.0,12,34,5391.21,2,5,5,12,255,1,Loyal Customers,158.565,34,5391.21,High CLV
17855.0,13,1,208.97,1,4,2,7,142,2,Potential Loyalists,208.97,1,208.97,Low CLV
17857.0,6,1,1335.2,4,4,5,13,445,0,Champions,1335.2,1,1335.2,High CLV
17858.0,10,1,251.25,2,4,2,8,242,2,Potential Loyalists,251.25,1,251.25,Medium CLV
17860.0,9,1,252.8,2,4,2,8,242,2,Potential Loyalists,252.8,1,252.8,Medium CLV
17863.0,10,1,384.72,2,4,4,10,244,2,Potential Loyalists,384.72,1,384.72,Medium CLV
17865.0,4,1,756.45,4,4,5,13,445,0,Champions,756.45,1,756.45,High CLV
17869.0,8,1,214.32,3,4,2,9,342,0,Champions,214.32,1,214.32,Low CLV
17870.0,7,1,326.4,3,4,3,10,343,0,Champions,326.4,1,326.4,Medium CLV
17873.0,13,1,215.15,1,4,2,7,142,2,Potential Loyalists,215.15,1,215.15,Low CLV
17880.0,5,1,458.92,4,4,4,12,444,0,Champions,458.92,1,458.92,High CLV
17884.0,8,2,324.62,3,5,3,11,353,0,Champions,162.31,2,324.62,Medium CLV
17890.0,1,1,476.96,5,4,4,13,544,0,Champions,476.96,1,476.96,High CLV
17894.0,1,2,274.63,5,5,3,13,553,0,Champions,137.315,2,274.63,Medium CLV
17897.0,7,2,434.62,3,5,4,12,354,0,Champions,217.31,2,434.62,High CLV
17905.0,14,1,201.75,1,4,2,7,142,2,Potential Loyalists,201.75,1,201.75,Low CLV
17908.0,14,1,243.28,1,4,2,7,142,2,Potential Loyalists,243.28,1,243.28,Medium CLV
17912.0,4,2,105.15,4,5,1,10,451,0,Champions,52.575,2,105.15,Low CLV
17917.0,3,1,110.91,5,4,1,10,541,0,Champions,110.91,1,110.91,Low CLV
17920.0,8,2,735.91,3,5,5,13,355,0,Champions,367.955,2,735.91,High CLV
17924.0,14,1,279.0,1,4,3,8,143,2,Potential Loyalists,279.0,1,279.0,Medium CLV
17925.0,13,1,244.08,1,4,2,7,142,2,Potential Loyalists,244.08,1,244.08,Medium CLV
17937.0,1,2,2153.88,5,5,5,15,555,4,Lost Customers,1076.94,2,2153.88,High CLV
17949.0,12,1,1314.0,2,4,5,11,245,2,Potential Loyalists,1314.0,1,1314.0,High CLV
17950.0,5,2,263.17,4,5,2,11,452,0,Champions,131.585,2,263.17,Medium CLV
17951.0,14,1,295.5,1,4,3,8,143,2,Potential Loyalists,295.5,1,295.5,Medium CLV
17954.0,8,2,128.68,3,5,1,9,351,0,Champions,64.34,2,128.68,Low CLV
17961.0,12,1,127.55,2,4,1,7,241,2,Potential Loyalists,127.55,1,127.55,Low CLV
17964.0,13,1,261.76,1,4,2,7,142,2,Potential Loyalists,261.76,1,261.76,Medium CLV
17965.0,5,2,156.8,4,5,1,10,451,0,Champions,78.4,2,156.8,Low CLV
17967.0,12,1,123.07,2,4,1,7,241,2,Potential Loyalists,123.07,1,123.07,Low CLV
17968.0,14,1,277.35,1,4,3,8,143,2,Potential Loyalists,277.35,1,277.35,Medium CLV
17969.0,1,1,125.2,5,4,1,10,541,0,Champions,125.2,1,125.2,Low CLV
17975.0,1,2,621.49,5,5,4,14,554,0,Champions,310.745,2,621.49,High CLV
17976.0,12,1,353.19,2,4,3,9,243,2,Potential Loyalists,353.19,1,353.19,Medium CLV
17978.0,5,1,300.92,4,4,3,11,443,0,Champions,300.92,1,300.92,Medium CLV
17990.0,2,1,168.0,5,4,2,11,542,0,Champions,168.0,1,168.0,Low CLV
17999.0,6,1,190.34,4,4,2,10,442,0,Champions,190.34,1,190.34,Low CLV
18004.0,2,1,169.47,5,4,2,11,542,0,Champions,169.47,1,169.47,Low CLV
18011.0,13,1,102.79,1,4,1,6,141,2,Potential Loyalists,102.79,1,102.79,Low CLV
18016.0,4,1,156.65,4,4,1,9,441,0,Champions,156.65,1,156.65,Low CLV
18037.0,2,1,31.3,5,4,1,10,541,0,Champions,31.3,1,31.3,Low CLV
18041.0,6,3,634.29,4,5,4,13,454,0,Champions,211.42999999999998,3,634.29,High CLV
18043.0,7,1,316.46,3,4,3,10,343,0,Champions,316.46,1,316.46,Medium CLV
18044.0,1,1,74.25,5,4,1,10,541,0,Champions,74.25,1,74.25,Low CLV
18055.0,8,2,1000.48,3,5,5,13,355,0,Champions,500.24,2,1000.48,High CLV
18061.0,7,1,405.16,3,4,4,11,344,0,Champions,405.16,1,405.16,Medium CLV
18065.0,5,2,345.02,4,5,3,12,453,0,Champions,172.51,2,345.02,Medium CLV
18071.0,6,1,258.95,4,4,2,10,442,0,Champions,258.95,1,258.95,Medium CLV
18074.0,14,1,489.6,1,4,4,9,144,2,Potential Loyalists,489.6,1,489.6,High CLV
18075.0,1,1,198.95,5,4,2,11,542,0,Champions,198.95,1,198.95,Low CLV
18077.0,7,1,204.87,3,4,2,9,342,0,Champions,204.87,1,204.87,Low CLV
18085.0,14,1,303.9,1,4,3,8,143,2,Potential Loyalists,303.9,1,303.9,Medium CLV
18092.0,6,1,1485.72,4,4,5,13,445,0,Champions,1485.72,1,1485.72,High CLV
18102.0,6,4,27834.61,4,5,5,14,455,3,At Risk,6958.6525,4,27834.61,High CLV
18109.0,3,2,552.75,5,5,4,14,554,0,Champions,276.375,2,552.75,High CLV
18113.0,9,1,76.32000000000001,2,4,1,7,241,2,Potential Loyalists,76.32000000000001,1,76.32000000000001,Low CLV
18116.0,5,1,139.68,4,4,1,9,441,0,Champions,139.68,1,139.68,Low CLV
18118.0,5,2,608.51,4,5,4,13,454,0,Champions,304.255,2,608.51,High CLV
18119.0,8,1,181.12,3,4,2,9,342,0,Champions,181.12,1,181.12,Low CLV
18144.0,1,2,502.65,5,5,4,14,554,0,Champions,251.325,2,502.65,High CLV
18156.0,10,1,206.23,2,4,2,8,242,2,Potential Loyalists,206.23,1,206.23,Low CLV
18168.0,12,1,263.3,2,4,2,8,242,2,Potential Loyalists,263.3,1,263.3,Medium CLV
18178.0,5,1,300.65000000000003,4,4,3,11,443,0,Champions,300.65000000000003,1,300.65000000000003,Medium CLV
18219.0,1,2,390.06,5,5,4,14,554,0,Champions,195.03,2,390.06,Medium CLV
18225.0,5,1,30.0,4,4,1,9,441,0,Champions,30.0,1,30.0,Low CLV
18229.0,7,2,653.2,3,5,5,13,355,0,Champions,326.6,2,653.2,High CLV
18239.0,12,1,438.1,2,4,4,10,244,2,Potential Loyalists,438.1,1,438.1,High CLV
18259.0,7,1,376.3,3,4,4,11,344,0,Champions,376.3,1,376.3,Medium CLV
18269.0,6,1,168.60000000000002,4,4,2,10,442,0,Champions,168.60000000000002,1,168.60000000000002,Low CLV
